index,summary
0,"The binary program is a comprehensive toolkit for creating, reading, and manipulating PNG image files. It supports functionalities such as parsing and writing PNG chunks, managing image metadata, and handling color management and transformations. The program ensures compliance with PNG specifications while facilitating pixel filtering, color space adjustments, and the addition of transparency and alpha channels. It also manages ancillary chunks for extended metadata storage, providing robust capabilities for efficient PNG image processing and ensuring data integrity and accurate rendering across various applications."
1,"The binary program is a secure SSH server that enables remote access and management of computers. It supports multiple authentication methods, including passwords and RSA keys, and ensures secure data transmission through encryption and integrity checks. The program facilitates features such as port and X11 forwarding, SFTP functionalities, and robust session management, including pseudo-terminal operations. It also includes configuration management and logging capabilities, providing a customizable and secure environment for user interactions and file transfers. Overall, it serves as a comprehensive solution for secure remote communication and system management."
2,"The binary program is designed for real-time data handling, focusing on file transfer, audio processing, and data compression using the DEFLATE algorithm. It features robust client-server communication capabilities, enabling efficient file management and remote control functionalities. The program supports multilingual environments and localization, facilitating international use. Additionally, it incorporates system-level operations, including process and thread management, ensuring stability and reliability during execution. Overall, it serves as a comprehensive tool for remote file management, multimedia support, and secure resource management in a multi-threaded context."
3,"The binary program is a comprehensive SSH (Secure Shell) implementation that provides secure remote login, command execution, and management of user sessions for network devices. It supports various authentication methods, including passwords and public keys, and incorporates robust encryption and key exchange mechanisms to ensure secure data transmission. The program also facilitates configuration management, user access control, and logging, while handling session management and packet processing. Additionally, it includes functionalities for file operations and inter-process communication, making it a critical utility for establishing secure SSH connections and maintaining the integrity and confidentiality of data in a networked environment."
4,"The binary program is a command-line utility for managing GDBM (GNU Database Manager) databases. It enables users to perform a variety of database operations, including opening, closing, storing, retrieving, deleting, and counting entries. The program also supports data conversion, snapshot management, and hash table diagnostics. It features a parser for configuration or scripting languages, allowing for variable management and command processing. Additionally, it provides functionalities for error reporting, logging, command-line option management, and input history. Overall, the program serves as a comprehensive toolkit for efficient and user-friendly GDBM database management."
5,"The binary program is a machine learning framework focused on audio processing and transcription, utilizing deep learning techniques for speech recognition and audio-to-text conversion. It supports tensor operations and various data types, enabling efficient handling of multi-dimensional tensors. The program facilitates model loading, audio encoding and decoding, and performs computations on both CPU and GPU for optimized performance. It is capable of recognizing multiple languages and includes features for benchmarking and advanced memory management, making it suitable for real-time speech transcription and audio analysis applications."
6,"The binary program is a versatile file matching and analysis tool that utilizes fuzzy hashing for similarity detection among files. It offers various command line options for different matching modes, enabling users to process files and directories efficiently. The program allows for comparison against known hash values, outputs matching results, and lets users set thresholds to refine results. It is particularly useful in digital forensics, malware analysis, and data recovery, providing advanced capabilities for data processing and manipulation in a multi-threaded environment."
7,"The binary program is a command-line DNS query tool that performs various DNS queries, including A records, CNAME, MX records, and reverse lookups. It utilizes asynchronous resolution through the ADNS library, allowing users to input domain names and options via the command line. The program processes and validates these queries, formats the output to display results clearly, including time-to-live (TTL) values, and provides detailed error messages and status reports. Additionally, it maintains configurations for zone blocks, ensuring efficient DNS operations and user interaction. Overall, it is designed for effective domain name resolution and robust user feedback."
8,"The binary program is a versatile platform for developing, playing, and sharing retro-style mini-games. It features integrated development tools such as a code editor and sprite/map/sound effect editors, supporting Lua and Fennel programming languages for game logic. Users can create and package their games into shareable cartridge files, facilitating cross-platform accessibility. Additionally, the program includes a scripting engine that manages script execution, control flow, and user-defined types, enhancing the extensibility and interactivity of applications. Overall, it provides a comprehensive environment for game development and dynamic scripting capabilities."
9,"The binary program is a high-performance network scanning and analysis tool designed for identifying open ports and active hosts across specified IP addresses. It supports multiple protocols, including TCP, UDP, ICMP, and ARP, and offers extensive customization options for scanning parameters and output formats. With capabilities for network protocol analysis, packet capture, and management of network interfaces, it is suitable for network security assessments and vulnerability detection. The program is particularly effective for large-scale scans, featuring high concurrency and flexibility, making it an essential tool for network administrators and security professionals conducting thorough network reconnaissance."
10,"The binary program is a command-line interface tool that enhances user interaction through advanced text editing capabilities, including support for multiple editing modes like Emacs and Vi. It facilitates efficient command execution and text manipulation by offering features such as command history management, auto-completion, customizable key bindings, and real-time feedback. The program allows users to search and execute previous commands, manage terminal settings, and provides a responsive environment for interactive command-line editing and navigation, ultimately streamlining user input and command management."
11,"The binary program is a command-line tool designed for creating, manipulating, and managing ISO 9660 filesystem images, particularly those with RockRidge extensions. It allows users to perform various file system operations through command-line parameters, facilitating the creation and management of ISO images. The program ensures compatibility and stability by handling version checks and resource management, while also providing a structured environment for executing user commands. Overall, it serves as a robust solution for ISO file system manipulation."
12,"The binary program is a comprehensive command-line utility for unit conversion and mathematical calculations. It enables users to convert between various measurement units, evaluate expressions, and customize unit definitions. The program supports a wide range of unit types and allows for complex calculations, while also maintaining a history of user interactions. It includes features for parsing unit definitions and managing user input effectively, making it a powerful tool for both simple and advanced unit conversion tasks."
13,"The binary program is a secure data processing tool that specializes in large integer operations and cryptographic functions. It performs basic arithmetic and complex calculations, including modular arithmetic and greatest common divisor computations. Additionally, it implements encryption methods like AES, along with data integrity checks using MD5 and CRC32. The program is designed for efficient data manipulation, retrieval, and transformation, ensuring robust security and integrity for sensitive information. Its capabilities suggest it may be utilized in system-level operations or applications requiring strong security measures and reliable data processing."
14,"The binary program is a multimedia processing application designed for efficient screen recording and audio capture. It supports various video and audio encoding formats, utilizing codecs like x264 for H.264 video compression and AAC for audio encoding. The program captures and records computer screen activity along with audio from multiple devices, allowing users to customize recording parameters such as resolution and frame rate through a configuration file. It integrates functionalities for real-time audio processing, gesture recognition, and event handling, while managing graphical rendering and window management. Overall, it aims to provide a high-quality and flexible solution for multimedia content creation and playback."
15,"The binary program is a command-line tool designed to format and indent C preprocessor directives in source code. Its core functionality includes ensuring proper indentation that reflects the nesting of directives, maintaining compliance with ANSI standards, and providing diagnostics for formatting issues. The program reads from files or standard input, checks spacing between directives, and offers various command-line options for customization. By improving the readability and consistency of C code, it enhances the overall quality of source files."
16,"The binary program serves as an AWK interpreter, designed for text processing and data manipulation. It allows users to execute user-defined scripts for tasks such as parsing, formatting, and extracting data from input files. The program supports complex functionalities, including pattern matching, regular expression handling, and associative array management. It is equipped with built-in functions for mathematical operations and formatted output, making it suitable for data analysis, report generation, and automation scripting. The command-line utility can process scripts from files or directly from the command line, providing a versatile tool for various data processing tasks in a scripting environment."
17,"The binary program is a comprehensive utility for converting text files into PostScript format, facilitating efficient printing and typesetting. It supports various fonts, encodings, and user-defined printing options, including page setup and output formats. The program manages printer configurations, ensuring compatibility with different printers through Printer Description Files (PPD) and handles font management and encoding resolution. It allows for flexible output options, including standard and file outputs, and includes functionalities for command-line argument parsing and print job creation. Overall, it streamlines the process of document processing and printing while enabling user customization and efficient resource management."
18,"The binary program is a comprehensive cryptographic toolkit that provides a wide array of encryption, decryption, hashing, and authentication functionalities. It supports various symmetric and asymmetric encryption algorithms, including AES, DES, Blowfish, ChaCha20, and RSA, along with multiple hashing functions like SHA-256 and MD5. The program facilitates secure data processing through authenticated encryption modes, message authentication codes, and key derivation functions, ensuring data integrity and confidentiality. It also includes data encoding features and optimizes cryptographic operations based on CPU capabilities, along with secure random number generation. Overall, the program is designed to deliver robust cryptographic security and secure data handling for diverse applications."
19,"The binary program serves as a build automation tool, primarily designed to manage and streamline the compilation and linking of software projects. It interprets Makefile configurations to identify targets and their dependencies, executing the necessary build commands while ensuring that files are up to date based on timestamps. The program supports features such as conditional statements, variable definitions, and parallel execution, enabling it to handle complex build processes efficiently. Additionally, it provides user notifications and logging to facilitate debugging and error resolution, thereby enhancing the overall development workflow."
20,"The binary program is a MAC address management utility that enables users to change, randomize, and restore the MAC addresses of network interfaces. It provides functionalities to display current MAC addresses, generate random MAC addresses, and list associated vendor information. The program operates through command-line options, allowing for efficient management of MAC addresses to enhance user privacy and security in networking contexts."
21,"The binary program is a command-line utility designed for performing and filtering asynchronous DNS queries. It allows users to customize various parameters such as timeouts and output formats, enhancing control over DNS resolution processes. The program efficiently manages DNS requests, including reverse DNS lookups, through a dynamic queuing system. It supports background operations and provides user-friendly error handling, making it suitable for scenarios requiring the management of numerous DNS queries. Overall, it offers a flexible and efficient solution for querying and processing DNS records."
22,"The binary program is a comprehensive tool that provides file encryption and decryption functionalities using various algorithms such as RSA and AES. It supports key management and verification to ensure secure encryption processes. Additionally, the program facilitates remote procedure calls (RPC) and DNS resolution, enhancing its networking capabilities. It includes features for user authentication and service discovery, making it suitable for secure communication in distributed environments. Overall, the program combines robust cryptographic operations with networking functionalities, making it versatile for applications requiring data protection and secure network interactions."
23,"The binary program is an interactive binary file editor that enables users to manage and manipulate binary data through a command-line interface. It supports operations such as creating, searching, and editing data mappings, executing commands and scripts, and customizing configurations. The program features a rich set of commands for data operations, structured message handling, and JSON support, facilitating complex data interactions. It is designed to provide a flexible and powerful environment for editing binary files, ensuring a responsive user experience with capabilities for command parsing, execution, and user interaction."
24,"The binary program is a versatile analysis and debugging tool that processes and displays detailed information from binary files, such as executables and object files. It specializes in extracting and interpreting various data, including file headers, section headers, symbol tables, and DWARF debugging information. Users can customize output through command-line options, enabling functionalities like disassembly, symbol resolution, and architecture-specific visualization. The program supports multiple file formats and architectures, making it an essential resource for developers and engineers to analyze and debug compiled binaries effectively."
25,"The binary program is a cryptocurrency mining application specifically designed for mining Monero using CPU resources. It supports multiple mining algorithms, particularly the Cryptonight series, and allows users to configure various parameters such as pool addresses, user credentials, and CPU usage. The program facilitates efficient communication with mining pools, ensuring secure data transmission through TLS encryption. It features a multi-threaded architecture for optimal resource allocation, manages asynchronous I/O operations, and includes logging and configuration management for monitoring mining performance. Overall, the program provides a comprehensive and user-friendly solution for cryptocurrency mining, focusing on performance and security."
26,"The binary program is a high-performance, distributed key-value storage system based on RocksDB, designed for efficient data storage, retrieval, and manipulation. It supports various data structures and operations, including transaction processing, data backup, and recovery, while ensuring high availability and scalability through master-slave replication and failover mechanisms. The program features an event-driven architecture for asynchronous I/O operations, performance monitoring, and configuration management, optimizing database performance and maintaining data consistency. It also implements Write-Ahead Logging (WAL) for data integrity and includes functionalities for data compaction and flushing, making it suitable for handling large-scale data storage and high-concurrency requests."
27,"The binary program serves as a comprehensive computational backend for efficient tensor manipulation and mathematical operations, primarily aimed at optimizing deep learning models. It supports a variety of tensor operations, including creation, transformation, and mathematical computations such as addition and multiplication. The program implements quantization and dequantization algorithms to reduce storage requirements and enhance inference efficiency. It is designed to handle multi-dimensional arrays and various data types, ensuring data integrity and compatibility in machine learning and data processing contexts. Overall, it facilitates robust numerical analysis and model optimization, making it suitable for large-scale data applications."
28,"The binary program is a terminal multiplexer that allows users to manage multiple terminal sessions within a single interface. It features session and window management, including the creation, resizing, and navigation of panes and windows. The program supports dynamic input handling, command execution, and user interaction through key bindings and mouse events. It enhances terminal output with color and style management, clipboard functionalities, and screen rendering. Additionally, it facilitates client-server communication for robust session integrity and resource management, ultimately creating a responsive and customizable terminal environment to improve user experience and interaction with terminal applications."
29,"The binary program is a ransomware variant that encrypts user files and demands a ransom for their restoration. It employs cryptographic algorithms for data encryption and manages file operations, including reading, writing, and extracting data from compressed formats. The program utilizes Windows API functions for file handling and interacts with the Windows registry to maintain persistence. It also gathers system information and executes malicious commands, indicating a comprehensive approach to extorting users while maintaining control over the infected system. Overall, its core functionality revolves around data encryption and extortion."
30,"The binary program is a command-line text viewer and editor that enables users to efficiently browse, search, and manipulate text files. It supports advanced features such as regular expression searching, multi-file editing, and UTF-8 character handling. Users can navigate through files, manage command history, and execute shell commands, enhancing terminal interaction. The program also allows for customization and incorporates terminal input/output management, including mouse actions and character editing, providing a comprehensive text-based interface for viewing and editing text files."
31,"The binary program serves as a secure SSH server, enabling secure remote login, command execution, and file transfer. It supports multiple user authentication methods, including public key and password authentication, while ensuring compliance with security protocols. The program facilitates secure communication through various encryption algorithms and key exchange protocols, and it includes features for session management, port forwarding, and X11 forwarding. Additionally, it incorporates robust logging, auditing, and key management functionalities, ensuring a secure and customizable environment for remote access and data transfer."
32,"The binary program serves as a dynamic hook management and code manipulation tool, enabling users to intercept and modify function calls at runtime. It provides comprehensive functionalities for creating, enabling, disabling, and managing hooks, facilitating dynamic alterations to program behavior for purposes such as debugging, monitoring, and feature enhancement. Additionally, the program supports multithreaded resource management and includes a disassembler for analyzing x86-64 machine code, making it suitable for advanced debugging and reverse engineering tasks. Overall, it allows for effective dynamic control of function execution and behavior modification in target processes."
33,"The binary program serves as a versatile tool for managing software updates and cryptographic operations within a user-friendly graphical interface. It automatically checks for and downloads software updates while displaying relevant information such as version numbers and descriptions. The program also manages X.509 certificates and performs cryptographic tasks, ensuring secure interactions. Utilizing the wxWidgets framework, it provides a responsive GUI that supports localization and customization. Additionally, it incorporates image processing capabilities and handles various user interactions, making it suitable for applications requiring both update management and secure data handling in a Windows environment."
34,"The binary program is a multi-threaded HTTP server that efficiently handles HTTP requests and responses, supporting both HTTP/1.0 and HTTP/1.1 protocols. It manages multiple concurrent connections and ensures secure data transmission through TLS encryption. The server implements robust authentication mechanisms, including basic and digest authentication, and supports various HTTP methods, such as GET and POST, with features for multipart and URL-encoded data. Utilizing epoll for efficient I/O operations, it optimizes network communication and maintains persistent connections with keep-alive mechanisms. Overall, the program provides a secure, scalable, and efficient framework for web server functionality."
35,"The binary program serves as a simulated Certificate Management Protocol (CMP) server and a comprehensive cryptographic toolkit. It facilitates the management of X.509 certificates, including operations for certificate requests, revocations, and updates. The program processes client requests, verifies their validity, and generates corresponding certificates or responses. It also supports secure communications via SSL/TLS, implements cryptographic operations such as key generation, signing, encryption, and decryption, and ensures robust certificate validation and revocation checking through CMP and OCSP functionalities. With a command-line interface, it allows users to perform various cryptographic tasks and manage certificates and keys, making it suitable for applications requiring strong security measures."
36,"The binary program is a versatile multimedia processing tool designed for encoding, decoding, transcoding, and streaming various audio and video formats. It supports a wide array of formats, including MP4, AVI, H.264, HEVC, and FLAC, and offers functionalities for managing multimedia container formats, metadata, and streaming protocols. The program enables real-time transmission of media, synchronization of audio and video streams, and includes capabilities for audio processing and video frame analysis. With support for hardware acceleration and multi-threaded processing, it enhances efficiency and performance, making it suitable for diverse multimedia applications, including content creation, streaming, and playback."
37,"The binary program is a multi-functional malware tool designed for remote control, data theft, and network attacks. It supports various network protocols (HTTP, TFTP, SOCKS4) and can execute commands for file transfers, system information gathering, keylogging, and screen capturing. The program includes DDoS attack capabilities, network scanning, file searching, and management of Windows services and user accounts. It also features IRC communication for remote control and stealth operations. Additionally, it provides system diagnostics, process manipulation, and inter-process communication, combining administrative, diagnostic, and malicious functionalities for comprehensive system and network interaction."
38,"The binary program is a command-line utility designed for efficient text searching and manipulation, primarily functioning as a powerful text search tool. It allows users to search for specific patterns in text files using various matching techniques, including regular expressions. The program supports advanced features such as recursive directory searches, case-insensitive comparisons, and optimized performance through Just-In-Time compilation. It also manages output formatting and handles special cases like symbolic links, while utilizing data structures such as trees and hash tables for effective data manipulation and pattern recognition in both text and binary data."
39,"The binary program is a high-precision floating-point arithmetic library that provides a comprehensive suite of mathematical operations, including basic arithmetic, special functions, and advanced computations. It utilizes the MPFR library to support multiple precision settings, ensuring accuracy in numerical calculations. The program is capable of handling special values, managing precision effectively, and performing conversions between different floating-point formats. It is designed for applications requiring reliable and accurate high-precision calculations, making it suitable for scientific computing, financial analysis, and engineering tasks."
40,"The binary program is a versatile Scheme interpreter that enables the execution and management of Scheme scripts. It supports advanced features such as asynchronous operations, multithreading, networking, and process management, allowing for robust interaction with system resources. The interpreter includes built-in functions for data manipulation, mathematical calculations, and file operations, while also facilitating dynamic linking of external libraries. Additionally, it offers support for various character encodings and internationalization, making it suitable for developing complex applications across different languages and regions. Overall, the program provides a comprehensive environment for executing Scheme code with extensive capabilities for system-level operations and data handling."
41,"The binary program serves as a patch management utility that applies modifications from patch files to source code or text files. It ensures compatibility by comparing target files with patch versions and supports various patch formats, including context and unified diffs. The program includes features for file handling, version control, and backup creation, facilitating safe and efficient file operations. It also incorporates mechanisms for error detection and reporting, enhancing the reliability of the patch application process. Overall, the program simplifies code updates and maintenance while providing a secure environment for managing file versions."
42,"The binary program serves as a comprehensive SIP (Session Initiation Protocol) signaling processing framework, managing SIP transactions and dialogs within a network communication environment. It handles the sending and receiving of SIP messages, including registration, subscription, and notifications, while processing requests like INVITE and ACK. Utilizing finite state machines, the program ensures compliance with protocol standards through effective message parsing, state transitions, and retransmissions. It incorporates resource management for dynamic allocation and cleanup of transaction contexts, manages timers for transaction states, and facilitates multithreaded operations with synchronization mechanisms. Overall, the program ensures reliable and efficient SIP communication by overseeing the lifecycle of transactions and associated resources."
43,"The binary program is a high-performance database management system designed for efficient storage and retrieval of large-scale data. It supports multi-threaded operations, transaction processing, and data consistency, making it suitable for applications requiring high throughput and low latency. Key features include various data compression algorithms, data expiration handling, compaction, flushing, and Write-Ahead Logging (WAL) to ensure data integrity. The program also includes functionalities for managing database configurations, memory allocation, and performance benchmarking, all aimed at optimizing read and write performance while effectively managing storage space. Overall, it provides a reliable and efficient solution for database operations in a multi-threaded environment."
44,"The binary program is a comprehensive cryptographic tool that provides robust file encryption and decryption functionalities using various algorithms, including RSA, AES, DES, Camellia, and elliptic curve cryptography (ECC). It supports secure key management, hashing, and digital signature operations to ensure data integrity and authenticity. The program includes features for logging encryption processes, validating key formats, and facilitating secure data handling. Additionally, it incorporates mechanisms for random number generation and self-testing routines to validate cryptographic operations, making it suitable for secure data processing and communication across various applications."
45,"The binary program is a comprehensive XML processing tool that enables the creation, reading, validation, and transformation of XML documents. It supports various XML standards, including XML Schema, Relax NG, and Schematron, ensuring compliance with defined structures. The program features both SAX and DOM parsing methods, namespace management, and tools for XPath expression evaluation. It also facilitates HTTP communication and encoding conversions, making it suitable for web-based XML interactions. Overall, it serves as a versatile toolkit for developers to manage and manipulate XML data effectively across different applications."
46,"The binary program is a sophisticated audio transcription and translation tool that utilizes deep learning models for speech recognition and language detection. It supports multiple audio formats and provides real-time transcription capabilities, allowing users to customize processing options via command line parameters. The program efficiently handles large-scale audio data through multi-threading and incorporates advanced mathematical operations and tensor manipulations for optimized performance. It generates structured outputs, such as subtitles and JSON data, making it suitable for various applications in language processing. Overall, it integrates audio processing, machine learning, and data management functionalities for comprehensive language-related tasks."
47,"The binary program is a specialized tool for analyzing and manipulating ELF (Executable and Linkable Format) files. It provides comprehensive functionalities for reading and displaying detailed information from ELF files, including file headers, program headers, section headers, symbol tables, and relocation information. The program supports various architectures, enabling the interpretation of relocation types and management of debugging information. It includes features for demangling symbols, validating section headers, and processing dynamic symbols, making it an essential utility for developers and debuggers working with binary files. Additionally, it can handle DWO files for debug symbols, ensuring thorough analysis and manipulation of ELF binaries."
48,"The binary program is a comprehensive GUI application built on the MFC framework, designed for Windows environments. It provides extensive file management capabilities, including uploading, downloading, deleting, and renaming files, alongside network connectivity and multithreading support. The application features a rich user interface with toolbars, status bars, dialog boxes, and dockable panes, enabling dynamic and customizable interactions. It integrates OLE controls for embedding and manipulating objects from other applications and supports advanced graphical operations like GDI and Direct2D rendering. Additionally, the program includes tools for compression, decompression, data serialization, logging, debugging, audio processing, and remote control, ensuring efficient data handling and robust UI rendering. Overall, it serves as a versatile platform for managing complex, interactive GUI applications."
49,"The binary program is a graphical version control tool that supports both Git and Subversion (SVN). It provides an intuitive interface for managing repositories, allowing users to perform essential version control operations such as commit, push, pull, and merge. The program includes features for file comparison, merge conflict resolution, and viewing version history, enhancing collaboration among developers. It also facilitates configuration management and ensures data integrity during file operations, while offering visualizations for differences and user interactions. Overall, it streamlines version control tasks and improves the user experience in managing code changes."
50,"The binary program is a command-line utility for compressing and decompressing files, primarily supporting GZIP and other formats like LZW and LZH. It utilizes algorithms such as DEFLATE and Huffman coding for efficient data compression and provides robust decompression capabilities. Users can customize compression levels and formats, process multiple files, and manage file attributes like timestamps and permissions. The program ensures data integrity through CRC checks and includes features for handling standard input and directory entries, making it a reliable tool for managing compressed files."
51,"The binary program is a graphical user interface tool for Git version control, enabling users to perform essential version control tasks such as committing, pushing, pulling, merging, and branch management through an intuitive interface. It offers visual management features for Git repositories, including commit history viewing and version comparison. Additionally, the program supports data structure management, parsing and validating JSON and XML, and managing Git configurations. It enhances user experience with graphical operations, theme management, and integration with other tools, while also incorporating spell-checking and morphological analysis. Overall, it streamlines version control processes and data handling in a user-friendly manner."
52,"The binary program is a command-line text comparison tool that analyzes two text files to identify and report differences in word usage. It offers customizable output options, allowing users to control aspects such as case sensitivity and the inclusion of statistics on common, deleted, and modified words. The program efficiently processes text files, manages whitespace, and supports inter-process communication through pipes. Overall, it is designed for users needing precise and detailed comparisons of text content, making it a powerful utility for text analysis."
53,"The binary program functions as a middleware solution for managing input devices, particularly game controllers, and handling JSON data structures. It facilitates real-time input processing from various game controllers, interacts with power switches via GPIO, and supports configuration management through device configuration files. The program also includes robust logging capabilities to track operations and errors, ensuring system stability. Overall, it integrates device management and structured data handling, making it suitable for applications that require efficient input control and JSON manipulation."
54,"The binary program provides a secure authentication framework for networked applications, implementing the SASL protocol with support for various authentication mechanisms such as CRAM-MD5, DIGEST-MD5, GSSAPI, and SCRAM. It facilitates user authentication, manages session states, and ensures secure data transmission through cryptographic functions for encoding, decoding, and hashing. The program operates in both client and server modes, handling user credentials and maintaining security throughout its lifecycle."
55,"The binary program provides efficient encoding and decoding of JSON data, enabling seamless serialization and deserialization between Python objects and JSON formats. It supports various JSON data types, including objects, arrays, and numerical representations, while ensuring compatibility with UTF-8 encoding. The program also incorporates high-precision arithmetic through custom Bignum structures, facilitating accurate numerical computations. Additionally, it manages memory and resource cleanup effectively, making it a robust tool for data interchange and numerical accuracy in applications that utilize JSON."
56,"The binary program is a ransomware application that encrypts user files on Windows systems, demanding a ransom in Bitcoin for decryption. It employs RSA and AES encryption algorithms, deletes original files to hinder recovery, and establishes persistence by modifying the system registry. The program features a graphical user interface for user interaction and includes network communication capabilities for data exchange with a remote server. Its primary purpose is to extort financial gain by controlling access to the user's files."
57,"The binary program is a command-line tool designed for making network requests and facilitating data transfers. It supports multiple protocols, including HTTP, HTTPS, and FTP, and allows for customizable request options such as headers, proxies, and authentication. The program automates the generation of C code for cURL operations and manages configurations for network settings. It also handles multipart form data and provides user feedback through progress meters, while ensuring efficient resource management. Overall, it serves as a powerful utility for developers and users engaged in network communication and file transfer tasks."
58,"The binary program functions as a comprehensive network communication and data processing utility, focusing on DNS management, HTTP requests, and system resource monitoring. It facilitates hostname resolution, manages network connections, and retrieves information from remote hosts. The program also analyzes CPU and network configurations, enabling monitoring and diagnostics. Additionally, it includes capabilities for command execution, file operations, logging, and custom random number generation, integrating various modules to efficiently handle network interactions and system-level operations."
59,"The binary program is a command-line utility that implements a text-based generation model, allowing users to input prompts and generate coherent text outputs. It offers customizable parameters for text generation, such as temperature and random seed, and supports a chat mode for interactive use. Additionally, the program performs numerical computations and data manipulation, including normalization and scaling, while managing structured data from binary files. It is designed for tasks related to machine learning or signal processing, enabling users to generate tokens and manipulate data effectively."
60,"The binary program is a sophisticated SMT solver designed to efficiently address complex logical and mathematical problems. It supports a wide range of logics, including arithmetic, Boolean logic, and bit vectors, and is capable of handling quantifiers and constraints. The program features multiple solving strategies, incremental solving, and parallel processing to enhance performance on large-scale problems. It also offers model generation, proof generation, and unsatisfiable core identification, making it ideal for applications in formal verification, program analysis, and automated theorem proving. Additionally, it includes functionalities for managing logical expressions and optimizing reasoning tasks across various computational contexts."
61,"The binary program serves as a robust utility for parsing, constructing, and managing SIP (Session Initiation Protocol) and SDP (Session Description Protocol) messages. It facilitates the handling of various SIP message components, including headers, URIs, and authentication mechanisms, while ensuring compliance with SIP standards. The program supports VoIP applications by enabling efficient call setup, management, and termination, as well as processing multimedia communication sessions. It also manages attributes from SIP and SDP messages, making it a core component of a SIP protocol stack for network communication applications."
62,"The binary program is a command-line utility for text processing that primarily utilizes regular expressions for searching, replacing, deleting, and inserting text. It allows users to manipulate text files and execute commands through scripts provided via the command line. The program supports standard input and file handling, enabling complex pattern matching and transformations efficiently. It includes features for debugging and error management, as well as compatibility with multi-byte character sets. Overall, it serves as a powerful tool for scripting and data processing tasks involving text manipulation."
63,"The binary program is a versatile command-line archiving utility designed for creating, extracting, and managing various archive file formats. It facilitates operations such as copying files, managing file and directory attributes, and handling metadata, while also supporting remote tape management for efficient data transfer. The program includes features for managing user and group permissions, file ownership, and ensuring data integrity through checksum verification. With a rich set of command-line options, it caters to diverse user needs in file archiving and manipulation within a Unix-like environment."
64,"The binary program serves as a malicious surveillance and control tool, capable of extracting user credentials from various applications and browsers. It features keylogging to capture user input, remote system control through a backdoor, and file management capabilities, including downloading and transferring files. The program also functions as a proxy server for secure communication, captures screen content, and processes images. It employs AES encryption for secure data transmission, integrating multiple functionalities for monitoring, data theft, and remote manipulation of compromised systems."
65,"The binary program is a user-friendly text editor that allows users to create, edit, and manage text files through a command-line interface. It supports essential text manipulation operations such as cutting, copying, pasting, searching, and replacing, along with advanced features like syntax highlighting and macro recording. The program is designed for both casual users and programmers, offering customizable key bindings and extensive help resources to facilitate ease of use. Its core functionality focuses on enhancing the text editing experience with efficient navigation and robust text processing capabilities."
66,"The binary program is a secure SSH server and SFTP service that enables remote access, file transfers, and user authentication. It supports multiple authentication methods, including passwords and cryptographic keys, while ensuring secure communication through encrypted channels. The program facilitates session management, port forwarding, and X11 forwarding, providing robust security measures and access controls. It also includes features for managing server configurations, cryptographic operations, and logging user activities, making it suitable for efficient and reliable network communications in a multi-user environment."
67,"The binary program serves as a comprehensive IoT device management platform, facilitating device onboarding, communication, and security. It supports device registration, status updates, and command handling through MQTT and HTTP protocols, ensuring secure data transmission via cryptographic operations, including key management and X.509 certificate processing. The program enables easy device setup and configuration, including Wi-Fi provisioning and cloud integration, while managing device states and events. It also incorporates UUID management and non-volatile data storage, providing a structured framework for integrating and managing IoT devices within a secure network environment."
68,"The binary program serves as a comprehensive toolkit for parsing, encoding, and decoding ASN.1 (Abstract Syntax Notation One) data structures. It supports operations in both DER (Distinguished Encoding Rules) and BER (Basic Encoding Rules) formats, allowing for the reading, validation, and manipulation of ASN.1 definitions and data. The program facilitates structured output for human-readable representation of ASN.1 data and includes functionalities for managing ASN.1 nodes and elements. It also incorporates error reporting mechanisms to identify issues during processing. Overall, the program is designed for efficient handling and representation of structured data in ASN.1 format."
69,"The binary program is a command-line utility designed for processing and querying DNS log information. It features an asynchronous DNS resolver that allows users to perform concurrent DNS queries, reading input from log files or standard input. The program supports various command-line options for configuration, including different query methods and concurrency settings. It outputs the results of DNS queries while providing debugging capabilities, making it efficient for analyzing DNS logs and managing query processing within a structured framework."
70,"The binary program is a robust JPEG image processing library that provides comprehensive functionality for encoding and decoding JPEG images. It implements essential techniques such as Huffman coding, Discrete Cosine Transform (DCT), and quantization to achieve efficient image compression. The library supports various image formats and operations, including color space conversions, upsampling, and downsampling. It ensures compliance with JPEG standards by managing JPEG markers and headers, while also optimizing performance through multi-pass processing workflows. Overall, this program serves as a powerful tool for JPEG image manipulation and compression."
71,"The binary program is a command-line utility designed for processing, analyzing, and manipulating tabular data. It enables users to perform a variety of operations, including summarization, statistical analysis, grouping, and filtering, while supporting multiple input formats and customizable field delimiters. The program ensures data integrity through validation and error checking, and it incorporates cryptographic hash functions for secure data handling. Overall, it serves as a versatile tool for structured data manipulation and statistical computations, catering to diverse data analysis needs."
72,"The binary program is a command-line spell-checking utility, designed to identify and suggest corrections for misspelled words in text files. It supports multiple dictionaries and allows users to customize their experience by adding personal vocabulary and managing word lists. The program processes user commands for spelling checks and provides interactive feedback on errors, enhancing the quality of written content across various formats."
73,"The binary program is a versatile calendar and holiday management tool that supports multiple calendar systems, including Gregorian, lunar, Islamic, and Jewish calendars. It enables users to calculate and manage holiday dates, anniversaries, and special observances across various cultural contexts. The program offers command-line utilities for customizing output formats, generating holiday lists, and managing state-specific holidays, particularly in the U.S. It also provides rich historical and localized holiday information, ensuring accurate representation and organization of holiday data. Overall, it serves as a comprehensive solution for users needing to track and manage complex holiday arrangements effectively."
74,"The binary program is a robust SSH client designed for secure remote communication and management. It supports multiple authentication methods, including public key and GSSAPI, and offers features such as port and X11 forwarding, key exchange, and session multiplexing. The program ensures secure data transmission through various cryptographic algorithms and manages host key verification to mitigate security risks. Additionally, it provides extensive command-line options for configuring connections and forwarding settings, enhancing the user experience for accessing remote servers in insecure environments. Overall, it focuses on delivering a secure, efficient, and user-friendly SSH client experience."
75,The binary program serves as a decryption tool specifically for files encrypted by the WannaRen ransomware. It utilizes RSA private key decryption to restore the original content of affected files. The program features a command-line interface that allows users to specify files for decryption while ensuring that only eligible files are processed. It incorporates security measures to prevent tampering and includes checks for file validity. The tool is designed to assist users in recovering their data from WannaRen encryption efficiently and securely.
76,"The binary program is a sophisticated parser generator designed for creating LR and GLR parsers based on specified grammar rules. It facilitates the development of compilers and interpreters by providing features for conflict detection, priority, and associativity handling. The program analyzes input grammars to identify syntax errors, useless rules, and potential conflicts, thereby optimizing grammar definitions. It supports various parsing techniques, including LALR and IELR, and offers extensive command-line options for customizing output formats and debugging information. Overall, the program streamlines the parser construction process, enhances grammar management, and ensures accurate syntax validation, ultimately improving development efficiency in language processing applications."
77,"The binary program is a comprehensive network packet capture and analysis tool used to capture and decode network traffic across various protocols, including Ethernet, IP, TCP, UDP, and more. It provides detailed protocol information, statistical insights on captured packets, and supports both IPv4 and IPv6 addressing. Users can configure capture options via command line parameters, enabling tailored network monitoring and diagnostics. The program also facilitates the inspection of encapsulated protocols and includes features for secure communications, such as encryption and decryption, making it essential for troubleshooting network issues and performance analysis."
78,"The binary program serves as a robust data recording and management tool within the eCAL framework, enabling users to efficiently manage recording sessions and configurations. It features capabilities for starting and stopping recordings, configuring parameters, and handling measurement data uploads via FTP. The program includes a command-line interface for user interaction, allowing for real-time monitoring, configuration management, and logging of activities. Additionally, it supports pre-buffering to prevent data loss and utilizes Protocol Buffers for efficient data serialization, making it suitable for applications requiring real-time data monitoring and management in a multi-threaded environment."
79,"The binary program functions as a secure SSH and SFTP server, enabling secure remote access and management of computers. It supports various authentication methods, including passwords and RSA keys, and facilitates encrypted communication to ensure data confidentiality and integrity. The program allows for secure file transfers, user permission management, and TCP/IP port forwarding. It also features X11 forwarding and pseudo-terminal sessions for interactive command execution. Overall, the program is designed to provide a secure framework for remote access and data exchange in networked environments."
80,"The binary program functions as a network-based attack tool, designed to manage and execute various malicious operations on remote systems. It includes capabilities for initiating and managing attacks on network protocols, such as TCP and UDP, and features for terminating processes and handling network communications. The program establishes socket connections, processes incoming commands, and manages authentication entries. It incorporates mechanisms for customizing attack parameters, generating random data, and ensuring single-instance execution. Overall, the program serves as a comprehensive toolkit for executing network attacks and managing associated processes, indicating its use in potentially harmful activities."
81,"The binary program is a robust font processing and rendering system that supports multiple font formats, including TrueType, OpenType, and BDF. It provides comprehensive functionalities for loading, parsing, and managing font data, including glyphs and character sets. The program facilitates advanced typographic features such as kerning, hinting, and variable font manipulation, ensuring high-quality text rendering across various styles and scripts. Additionally, it supports bitmap and vector graphics rendering, allowing for dynamic adjustments of font outlines and glyphs. Overall, it serves as an effective solution for font management and rendering in graphical applications."
82,"The binary program is a multi-threaded download manager designed for efficient file retrieval from the internet, supporting protocols like HTTP, HTTPS, and FTP. It offers advanced features such as resuming interrupted downloads, downloading multiple files simultaneously, and managing connections. The program includes functionalities for URL queuing, proxy settings, session management, and compliance with web standards, including robots.txt and HSTS. It ensures file integrity through checksums and provides extensive configuration options for customizing download behavior. Additionally, it supports job scheduling, resource allocation, and logging server statistics, making it a comprehensive tool for managing web downloads."
83,"The binary program is a versatile ZIP file management utility that allows users to extract, analyze, and manipulate ZIP archives. It supports various command-line operations for listing, extracting, and updating ZIP files, while providing detailed reporting on file contents, including types, sizes, and metadata. The program ensures data integrity through CRC32 checksums and handles ZIP64 extensions and Unicode data. It offers features for file filtering, path handling, and password protection, enabling users to manage ZIP files effectively across different operating systems. Overall, it serves as a powerful tool for comprehensive ZIP file management and manipulation."
84,"The binary program is a comprehensive numerical computing library that provides advanced functionalities for mathematical operations, including linear algebra, numerical optimization, statistical analysis, and numerical integration. It supports a wide range of algorithms for matrix operations, eigenvalue computations, decompositions, and solving linear systems. The program also implements various optimization techniques, such as least squares fitting and nonlinear optimization, along with robust statistical functions, including probability distributions and regression analysis. Designed for efficient performance, it serves as a versatile toolkit for complex mathematical computations across diverse scientific and engineering applications."
85,"The binary program is a comprehensive SQLite database management tool designed for storing and retrieving configuration data. It enables users to create, open, and manipulate databases, execute SQL commands, and manage various data types, including integers, floating-point numbers, strings, and binary data. The program supports transaction management, allowing for commit and rollback operations, and emphasizes usability and safety in database interactions. It also incorporates features for efficient error reporting and resource management, ensuring the integrity of database operations. Overall, the program serves as an effective interface for managing SQLite databases, particularly for application settings."
86,"The binary program is a command-line utility designed for managing GDBM (GNU Database Manager) databases. It allows users to load, open, and configure databases through command-line options, providing detailed help information and robust error reporting. The program supports input file handling, data sorting, and comparison, ensuring efficient data management. It also includes features for user feedback and cleanup operations upon termination, streamlining the interaction with GDBM databases while adhering to the GNU GPLv3 license."
87,"The binary program is a versatile command-line utility for creating, extracting, and managing tar archives, including support for various compression formats like bzip2 and xz. It handles multi-volume archives, verifies archive integrity, and manages symbolic links and special file types. Additionally, it offers functionalities for file and directory manipulation, volume label management, and user interaction for command processing. This program is designed for efficient file archiving, backup, and management tasks, making it suitable for data transfers and structured filesystem operations."
88,"The binary program is a versatile tool for generating and managing code tags across multiple programming languages. It parses source code to extract information such as functions, variables, and classes, creating tag files that facilitate code navigation and searching. Additionally, it supports structured data processing and validation, particularly for formats like XML and JSON, and includes features for schema validation and XPath evaluation. The program allows for extensive customization in tag generation and supports various output formats, making it a comprehensive solution for code indexing and structured data management."
89,"The binary program is designed for comprehensive handling and processing of strings and characters, particularly focusing on various Unicode encodings. It supports automatic detection and conversion of character sets like UTF-8, UTF-16, and UTF-32, along with functionalities for character classification, normalization, and case mapping. The program enables locale-aware string operations, facilitating accurate comparisons and manipulations in multilingual contexts. It also includes features for text processing tasks such as line and word breaks, grapheme cluster analysis, and character property checks. Overall, the program serves as a robust tool for internationalization and efficient text handling across diverse writing systems."
90,"The binary program is a command-line utility that executes specified commands while measuring and logging their system resource usage, including CPU time and memory statistics. It allows users to customize the output format and provides options for writing results to files or appending output. The program also includes features for error reporting and offers metadata about the GNU Time utility, such as authorship and licensing details. Overall, it serves as a practical tool for performance analysis and resource monitoring."
91,"The binary program is a high-performance mathematical library focused on arbitrary-precision arithmetic for large integers, rational numbers, and floating-point numbers. It supports a wide range of operations, including addition, subtraction, multiplication, division, exponentiation, and modular arithmetic, utilizing advanced algorithms like Fast Fourier Transform and Toom-Cook multiplication for optimization. The library also includes mathematical functions such as prime number generation, greatest common divisor calculations, and combinatorial operations. Its design is tailored for applications requiring high-precision calculations, making it particularly suitable for cryptography and complex numerical computations."
92,"The binary program serves as a daemon for real-time monitoring of file system changes using the inotify mechanism. It tracks events such as file and directory creation, deletion, and modification, executing user-defined commands or scripts based on a customizable configuration file. The program allows users to specify monitored directories and event types, facilitating automated responses to file system activities. It includes features for managing watchpoints, processing command-line arguments, and handling user permissions, while also providing logging capabilities. Overall, it is designed for efficient monitoring and management of file system events, making it suitable for applications like log management and automatic backups."
93,"The binary program functions primarily as a malware tool with extensive remote control and monitoring capabilities. It can connect to remote servers, execute commands, and gather sensitive system information, including user data and process lists. The program is designed to capture screens, log keystrokes, and record audio, facilitating data theft and privacy invasion. Additionally, it incorporates features for file management, multimedia processing, and system monitoring, suggesting a dual purpose of malicious activity and potential system administration. Overall, the core functionality revolves around unauthorized surveillance and control over user systems, highlighting its malicious intent."
94,"The binary program serves as a robust command-line shell environment, enabling users to execute commands, manage jobs, and handle variables in an interactive interface. It supports features such as command history, completion, and customizable key bindings, enhancing user experience. The program efficiently manages environment variables, file redirection, and signal handling, facilitating both interactive and non-interactive command execution. It also includes functionalities for evaluating mathematical expressions, making it a versatile tool for users in Unix-like systems. Overall, it provides a powerful platform for executing and managing shell commands effectively."
95,"The binary program is a versatile text processing and printing utility that primarily converts text files into PostScript format. It offers extensive customization options for output, including font selection, document properties, and page layouts. Users can configure various settings through command line parameters, allowing for flexible formatting of printed documents. The program also supports multiple input file types and manages special characters, ensuring high-quality output suitable for printing. Additionally, it facilitates the parsing and manipulation of EPS files and Adobe Font Metrics, enhancing font resource management and string formatting capabilities. Overall, it serves as an efficient tool for document formatting and printing tasks."
96,"The binary program is a command-line utility designed for managing GDBM (GNU Database Manager) databases. It enables users to export and display database contents in various formats, including binary and ASCII, through specified command-line options. The program facilitates dump operations, allowing users to output data to files or standard output while providing detailed usage instructions and error reporting. It efficiently handles command-line argument parsing and incorporates text formatting features, ensuring a user-friendly interface for interacting with GDBM databases."
97,"The binary program is a sophisticated mathematical optimization tool designed to solve linear programming (LP) and mixed-integer programming (MIP) problems. It supports various input formats and implements multiple solving algorithms, including the simplex method and branch-and-bound techniques. The program efficiently manages constraints, variables, and mathematical expressions, while providing detailed reports on optimal solutions, feasibility, and sensitivity analysis. Additionally, it can create and manipulate graphical data structures, making it suitable for optimization tasks in graph theory. Overall, it serves both academic and industrial applications in the field of optimization."
98,"The binary program functions as a network-based attack tool that facilitates malicious operations on remote systems. It is designed to manage and execute various network flooding attacks, utilizing protocols like HTTP, TCP, and UDP. The program establishes socket connections for network communication, processes incoming commands, and manages authentication entries, indicating a command and control focus. It includes features for customizing attack parameters, generating random data, and ensuring single-instance execution. Overall, the program serves as a comprehensive toolkit for executing network attacks and managing related processes, likely as part of a larger malware framework."
99,"The binary program is a command-line tool designed for analyzing and visualizing the control flow and function call relationships in C and C++ programs. It parses source code to extract and represent function call graphs and control flow structures, enabling developers to understand and maintain complex codebases. The program supports various output formats and customization options, facilitating code review and optimization. It includes features such as a lexical analyzer, syntax parser, and efficient data management using structures like linked lists and hash tables. Overall, it serves as a comprehensive analysis tool for developers to enhance their understanding of code structure and flow."
100,"The binary program is a multifunctional disassembly and analysis tool designed for parsing and manipulating various executable file formats, including ELF, PE, and COFF. It supports multiple architectures and assembly syntaxes, enabling users to read and process file headers, sections, symbols, and relocation entries. The tool facilitates debugging and linking tasks, provides features for extracting debugging information, and includes modules for demangling C++ names and performing Just-In-Time (JIT) compilation. With capabilities for outputting in various formats, it enhances developers' ability to analyze and manage binary files effectively."
101,"The binary program functions as a decentralized cryptocurrency node and management system, facilitating transaction processing, account management, and blockchain integrity maintenance. It supports various network protocols and enables user interaction through command line and API via RPC. Key features include transaction verification, voting mechanisms, block confirmations, and synchronization among nodes, ensuring network security and efficiency. The program also incorporates modules for wallet operations, HTTP header management, and JSON-RPC request handling, while utilizing database backends like LMDB and RocksDB for optimized data storage and access. Overall, it serves as a robust backend for cryptocurrency applications, enabling real-time communication and efficient management of decentralized digital currency operations."
102,"The binary program provides a graphical user interface (GUI) that enables interactive user input and information display. It features customizable background colors, various message boxes (confirmation, error, informational), and supports keyboard input for navigation and selection. The program manages screen dimensions and graphical elements for proper alignment and visual feedback, while also handling terminal display attributes and signals for graceful interruption. Additionally, it can read and display README files to guide users. Overall, the program aims to enhance user experience through a structured and responsive interface."
103,"The binary program serves as a secure SSH server, enabling remote access and management of computers through encrypted communication. It supports multiple authentication methods, including passwords and RSA keys, and facilitates secure file transfers via SFTP. The program allows for features like X11 and TCP/IP port forwarding, ensuring interactive sessions and secure tunneling. It manages user sessions, cryptographic key exchanges, and data integrity, while also providing configuration options for flexibility. Overall, it delivers a robust and secure solution for remote communication and session management in networked environments."
104,"The binary program is designed for processing and validating Internationalized Domain Names (IDN). It supports encoding and decoding between Punycode and Unicode, ensuring compliance with IDNA specifications and character encoding rules. The program includes string normalization to conform to Unicode NFC format, enhancing the usability of domain names with non-ASCII characters. It also provides error management for IDN processing and performs cleanup operations to prevent resource leaks. Overall, the program aims to improve the internationalization support and compatibility of domain names in network applications."
105,"The binary program is a comprehensive SSH key and certificate management tool that facilitates the generation, validation, and conversion of various cryptographic keys, including RSA, DSA, ECDSA, and Ed25519. It supports functionalities for managing SSH certificates, including issuing, revoking, and verifying them, as well as handling key revocation lists and signing digital signatures. The program interacts with PKCS#11 modules for secure key operations and manages known hosts files to enhance SSH connection security. Overall, it provides robust features for secure communications and efficient cryptographic operations in SSH contexts."
106,"The binary program is a command-line tool designed for text generation and dialogue interaction, allowing users to input prompts and customize parameters such as temperature and random seed. It processes data through mathematical computations and supports various operational modes, including generating text tokens and engaging in chat. The program efficiently manages resources and handles model loading and file operations, making it suitable for applications in natural language processing and machine learning."
107,"The binary program is a versatile image processing tool that enables users to convert, edit, and display images across various formats. It offers a comprehensive set of functionalities for manipulating images, including cropping, resizing, rotating, applying filters, and adjusting colors. Additionally, it supports the comparison and composition of image sequences, handling of animated images, and drawing vector graphics. The program is designed for command-line use, allowing for flexible batch processing and automated workflows, making it suitable for developers and image processing professionals."
108,"The binary program is a robust tool for manipulating and analyzing binary files, particularly ELF and object files. It enables users to strip symbols and debug information, modify section and symbol attributes, and manage various input and output formats. Key functionalities include reading, copying, and adjusting sections, as well as parsing and demangling C++ type information. The program also supports operations for managing symbol tables, handling GNU build attributes, and generating debugging metadata. It is widely utilized for optimizing binary files, ensuring compatibility across architectures, and maintaining the integrity of binary sections, making it essential for executable and object file processing during development and maintenance."
109,"The binary program is a comprehensive audio signal processing tool that specializes in advanced techniques for audio analysis and transformation. It supports operations such as Short-Time Fourier Transform (STFT), Continuous Wavelet Transform (CWT), and Fast Fourier Transform (FFT) for analyzing audio signals. Key functionalities include pitch detection, harmonic analysis, and spectral analysis, along with feature extraction methods like Mel-frequency cepstral coefficients (MFCC) and various spectral characteristics. The program also offers capabilities for time-stretching and pitch-shifting, making it suitable for in-depth audio manipulation and analysis. Additionally, it manages memory efficiently for dynamic data structures and incorporates various mathematical operations for signal manipulation. Overall, it serves as a powerful toolkit for extracting, analyzing, and processing audio features effectively."
